nomordoc,name,supplier
0SRwjeYXSTf1M3aP1wcz,MESH HF DL 1393 CDP-P EM PRIMEBLUE EPM5 A0QM/AA2U,HUAFENG
0kTWFpBSZZhJvev0khrm,NON WOVEN FORCETAPE SH610AD GREY 138CM,FREUDENBERG
1PpQRNaKoMzFthIYlSOc,NON WOVEN FORCETAPE SH510NW WHITE 1380/1A,FREUDENBERG
1X5S9PV3THXmRLyNySgA,MESH HF SU 7224 P EPM5 44'' A5J5,HUAFENG
1fvqNpdETzQooTU7qynJ,MESH HF SU 7224  P 088A,HUAFENG
20jQZepUqSI5xVaOJYhL,MESH HF SU 7224 P EPM5 44'' AESW,HUAFENG
22eQUN9u6NyzerDcA46b,NON WOVEN FORCETAPE SH610NW WHITE 1380/1A,FREUDENBERG
2nXxoJmDS720Zo23F45M,NON WOVEN LINING HEELGRIP BLACK 1370/1A,FREUDENBERG
3xbqmUBWXvsk1z0mLzAu,NON WOVEN FORCETAPE SN3R 380 1.3 165CM,FREUDENBERG
4cdT92OqlH2PGNqdsACQ,MESH HF MA 0315 EPM5 54'' AEDK,HUAFENG
5eKObGhzhOtvq12gIV00,MESH HF SD 16716 P EPM5 A0QM,HUAFENG
5iwEhpwTsnactbVRzc4h,MESH HF SU 7225 P EPM5 44 A5NR,HUAFENG
5poIZHFwZ4VZ7kg3mqPJ,NON WOVEN FOR SST 2530A 1000/1A,FREUDENBERG
6k7oLecFtidFKPaL0qZw,MESH HF SU 7225 P EPM5 44 ADAS,HUAFENG
7FnIyFh6DIFr2fPNoZwi,MESH HF MA 0315 EPM5 54'' A0QM,HUAFENG
8giAltObWxPDzd0H1sJv,XON185,TEXON INTERNATIONAL (ASIA) LIMITED
9DwP0nY1IQxt8SwgsVIO,MESH HF SU 7224 P EPM5 44'' ABZG,HUAFENG
9KEF3FQwTTPg7Ah6v8RZ,MESH HF SU 7224 P EPM5 44'' AECX,HUAFENG
ARuOZONWqPsVENd9Tzdr,NON WOVEN LINING HEELGRIP BEIGE 1370/1A,FREUDENBERG
Asiv8paACJgrvuKEWmPg,MESH HF SU 7224 P EPM5 44'' 005A,HUAFENG
BNjfTBJqOzdI6t1oNMiw,MESH HF SD 13645 P PRIMEBLUE EPM5 A0QM,HUAFENG
BtSDOcvIQx2gcRNslI99,RITEN125N RPET EPM3,TEXON INTERNATIONAL (ASIA) LIMITED
CQ6wPJALdoKTCPtp7x8b,MESH HF SU 7225 P EPM5 44 01F7,HUAFENG
DAk4W6CA5oAWWHmEUyRP,10ACSI WHITE 6OZ POLY CANVAS-COLORED (TLN8B060) 1TONE TWISTED REC [LU/PK 1562] [EPM] 54,"TIONG LIONG INDUSTRIAL CO.,LTD."
DNBwJk848m4bJMMtKOYA,NON WOVEN FORCETAPE SH610NW GREY 112CM,FREUDENBERG
DRUwzAW2mCxjOWFM2Ntc,NON WOVEN FORCTEAPE SHP-170B 1.0MM 1380/1A,FREUDENBERG
DXXikeb1E1rk0cFXb5xF,MESH HF MA 0315 EPM5 54'' AA35 (RETUR),HUAFENG
E2JONNAze42k0ZjV7K3K,MESH HF SU 7224 P EPM5 44'' ADAT,HUAFENG
Ep7FtQLDR8ycQorfOtZ5,MESH HF SU 7224 P EPM5 44'' A0QM,HUAFENG
FoBH2Fwlw0Oir6upK1C1,NON WOVEN LINING MICROLINE BLUE 1450/1A,FREUDENBERG
Ft23QHWA9m0V9jUkm0KQ,NON WOVEN SR SERIES SR 310 BRN (TR) 1380/1A,FREUDENBERG
GBmSkbIXqNOW50hlk3n6,MESH HF SU 7224 P EPM5 44'' ABZU,HUAFENG
GCMKewRjEnXdWPUMZgs5,MESH HF SD 8033 P EPM5 54'' ADAQ,HUAFENG
Gspn4VNcN7K6oAUUoFEW,10ACSI WHITE 4OZ POLY CANVAS-COLORED TWISTED REC (TLN8B059) [LU/PK 1603] [EPM] 54,"TIONG LIONG INDUSTRIAL CO.,LTD."
HfZKey0yU57lz5vOKgFX,NON WOVEN LINING MICROLINER BLUE 1470/1A MICROFASER,FREUDENBERG
IXOGf3f2x2cdrnJPLtxI,NON WOVEN FORCETAPE SH350W 1380/1A,FREUDENBERG
IZ23gxm0DQYgeWswKtOR,MESH HF MA 0315 EPM5 54'' AA35,HUAFENG
JO2kx46AIRmvapAoKtG0,MESH HF MY 00250 CDP EPM5 AA35,HUAFENG
JR2RdFxCoq2zuCuUKVml,MESH HF SD 8033 P EPM5 54'' AA2V,HUAFENG
JePWA8A5T3qZZsRyXQTf,MESH HF SU 7224 P EPM5 44'' ADAN,HUAFENG
KU23EiBtf5QgsB2VPSdH,MESH HF SD 8033 P EPM5 54'' AE6A,HUAFENG
Kij2PPJ52FV0A0u9j3SE,MESH HF SU 7224 P EPM5 AEJY (UNIT METER) ,HUAFENG
KpY2KLgFhQ9sWMpoiHpG,MESH HF SU 7224 P EPM5 A0QM (UNIT METER) ,HUAFENG
KqBb41Nq1UkLfHC2B8aJ,MESH HF SD 10886 P EPM5 AA2S,HUAFENG
LB7qE5HkOiyJOq7k4R9j,RITEN180N,TEXON INTERNATIONAL (ASIA) LIMITED
LBFrf3khEuNqOZdeVaNT,MESH HF SD 8033 P EPM5 54'' AECU,HUAFENG
LWYhfq6bimtFNUGG0QQ9,NON WOVEN FORCTAPE SH410RAD GREY 1380/1A,FREUDENBERG
MdvRsQ8xk1Gx0HeewEMJ,MESH HF SU 7224 P EPM5 44'' AENM,HUAFENG
NJYbwowVMhz1J7UGFlDX,MESH HF SU 07788 P EPM5 54'' AECU,HUAFENG
Nds2cwDznXqhjytl8Ccn,MESH HF MA 0315 EPM5 54'' A0QM (RETUR),HUAFENG
Niv3zbE4HEF4fAALCJYk,00ACSI BLACK 6 OZ CANVAS 54 COLORED(TLMAB001-COLORED),"TIONG LIONG INDUSTRIAL CO.,LTD."
NkIfestTpo1WQPsmUSVO,MESH HF SU 7224 P EPM5 44'' AEJU,HUAFENG
OFeznzt80ulJsbPF9Tgt,MESH HF SU 7224 P EPM5 44'' A8L5,HUAFENG
P47580sbqb7Mqw41xNwL,NON WOVEN LINING HEELGRIP KIESEL 1370/1A,FREUDENBERG
Q7eiLBZDqOduNhEPOMG5,MESH HF SU 7224 P EPM5 44'' A2JM,HUAFENG
QexjtinTMTLaU51DSdiC,MESH HF SD 8033 P EPM5 54'' ADAR,HUAFENG
Qj8xQb8CP0kfdMASjiHF,MESH HF MA 0315 EPM5 54'' 01F7 (RETUR),HUAFENG
Qr4zzmm51NFiGesQDKG6,10ACSI WHITE 6 OZ CANVAS 54 COLORED(TLMAB001-COLORED),"TIONG LIONG INDUSTRIAL CO.,LTD."
RAULCr95Tcxzsuo4suqy,MESH HF SU 7225 P EPM5 44 AF43,HUAFENG
S8bmO39jjJWrIJeENJip,NON WOVEN FORCETAPE SHP170WAD 1.0 (TH) 1380/1A,FREUDENBERG
S9vhgW5Chu6gLVtUjEhY,ASTRACT 0.80,TEXON INTERNATIONAL (ASIA) LIMITED
SMhFLbviA2LyzjyjuFG7,MESH HF SU 7224 P EPM5 44'' AA2R,HUAFENG
SYGYJhMbFKQsq0uHmcZP,MESH HF SDJ 13679 P EM EPM5 AEK3,HUAFENG
ScGsldaxfUjAwFvWq6xm,NON WOVEN SR SERIES SR 310 BRN (TD) 1380/1A,FREUDENBERG
SkyatBBommaEhptrtjwu,MESH HF SD 16716 P EPM5 01F7,HUAFENG
TEIkTmkZB1P72ftT7shT,RITEN100N RPET EPM3,TEXON INTERNATIONAL (ASIA) LIMITED
UUqixKZmYU2BOQpuXCqS,MESH HF SD 10886 P EPM5 HALO Silver ADW8,HUAFENG
UZ9HdtP9gUgdPlhM7lzu,MESH HF SU 07788 P EPM5 54'' A0QM,HUAFENG
UuOsehcT4MvSOgSceMX6,NON WOVEN SH610NW WHITE 1120/1A,FREUDENBERG
UvOkxAMh8RyBq9Hg7Ozg,MESH HF SD 4126 CDP FLEXING MESH PARLEY EPM3 AEK3,HUAFENG
UwGfUo6uxmIpiE7hthAB,NON WOVEN FORCETAPE SH410NW BLACK 1380/1A,FREUDENBERG
VQLjwmD6yBlvjrNCteOX,MESH HF SD 8033 P EPM5 54'' ADW8,HUAFENG
WS6WvUz1SkIpRninvHZm,MESH HF SU 7225 P EPM5 44 AA2V,HUAFENG
WlxCvO6g0cYhJaOQ6xeR,NON WOVEN LINING MICROLINER SAND 1470/1A MICROFASER,FREUDENBERG
X0mGpy5ZTzZCvbwWTrFn,NON WOVEN MICROLINE OFFWHITE 1450/1A,FREUDENBERG
X9jLLO60QwzNlHWiud7x,NON WOVEN FORCETAPE SH610NW GREY 1380/1A,FREUDENBERG
XMluqUIE14YWvDdphctW,NON WOVEN STROBEL SIX_CK 1.5MM 1380/1A,FREUDENBERG
YYJTMG244CSopLOzqyX6,00ACSI BLACK 8OZ CANVAS 56 COLORED(TLW6010-COLORED),"TIONG LIONG INDUSTRIAL CO.,LTD."
Z9Dw4w06CdY7dZbjoMFZ,10ACSI WHITE 8OZ CANVAS 56 COLORED(TLW6010-COLORED),"TIONG LIONG INDUSTRIAL CO.,LTD."
ZEQlqO7o5nHvmM5S9oLM,NON WOVEN LINING MICROLINE BEIGE 1450/1A,FREUDENBERG
Zsj9r5bFJzOzz3sTqIds,NON WOVEN LINING MICROLINER KIESEL 1470/1A MICROFASER,FREUDENBERG
aVASfTzdfu189E6SuyD5,RITEN100N,TEXON INTERNATIONAL (ASIA) LIMITED
akyyOCfC3gJNNjyOhh0t,NON WOVEN FORCETAPE SHP-170W 1.00MM 1380/1A,FREUDENBERG
asbOPul6o8M0b8EUmCub,RITEN150N,TEXON INTERNATIONAL (ASIA) LIMITED
auvstZx52WA4Gp0I83eE,NON WOVEN MICROLINE SAND 1450/1A,FREUDENBERG
bFWC25gL0rDj0cJ5S7Ee,NON WOVEN SR SERIES SR 310 BLK (TR) 1380/1A,FREUDENBERG
c2WefgyFHgZVYKQCr5vl,MESH HF SU 7224 P EPM5 44'' AEJT,HUAFENG
cJv38OnRq0dRB6nD8Aw4,MESH HF SU 7225 P EPM5 44 ABZU,HUAFENG
d5hbcw3ocpnVZKGkEj7v,MESH HF C KNIT 1393 CDP-P EM PARLEY EPM5 A0QM/ABZU,HUAFENG
dh0EGJLPEcXf3v8z8pvy,NON WOVEN FORCETAPE SH710AD GREY 1380/1A,FREUDENBERG
di4DDVKOiSvAyrcx0do8,NON WOVEN FORCETAPE SH350G 1380/1A,FREUDENBERG
diWTQ8njdyIW1a6B8m49,NON WOVEN FORCETAPE SHP 170WAD 0.6 (TH) 1380/1A,FREUDENBERG
eb4egRlteXHZ1urqJ2oW,MESH HF SD 8033 P EPM5 54'' AELC,HUAFENG
exlvueSI9O29SNeQH7AM,NON WOVEN FORCETAPE SH410NW WHITE 1380/1A,FREUDENBERG
f5aO7kAa9w3QfyrxQ0K7,NON WOVEN FORCETAPE SH610R WHITE 1380/1A,FREUDENBERG
gUF1DoSc5FdGgXPpCVHm,NON WOVEN FORCETAPE SH410AD GREY 138CM,FREUDENBERG
gdsM6QC9sOy4YPaCF1ft,MESH HF SD 14842 CDP-P EM M EPM5 A0QM/AEK9,HUAFENG
hRjiXKlMSrGXGLsg7etl,MESH HF MA 2918 EPM5 AA2R,HUAFENG
k5Dvum1WJcsXCouHUDt8,RITEN125N,TEXON INTERNATIONAL (ASIA) LIMITED
kPo1BRp0VAlhFXIjnZc8,MESH HF SD 8033 P EPM5 54'' AA35,HUAFENG
lEMJI3U9K6Rxm4pvqmlR,NON WOVEN FORCETAPE SHP 170B AD 0.6MM 1380/1A,FREUDENBERG
lYccVb4hTBoTdbUXmMBO,NON WOVEN STROBEL SI180E 1120/1A,FREUDENBERG
lz3iaEbfXJ3X5s1dZ7ex,MESH HF MA 0315 EPM5 54'' AA2T,HUAFENG
mEwPrQf9rr02p0JUV9fh,RITE N150N RPET EPM3,TEXON INTERNATIONAL (ASIA) LIMITED
odLdAEFVWhoHwQLPP1wx,MESH HF SU 7225 P EPM5 44 077A,HUAFENG
ow1caARcGZrM6E7VqICF,MESH HF SD 10886 P EPM5 LEGEND INK F17 AA35,HUAFENG
pEnyhMfAp2zncGZEDNx4,MESH HF SU 07788 P 54'' A2JM,HUAFENG
paidOB7nOOMEtboGuYm3,MESH HF SD 8033 P EPM5 54'' ADYY,HUAFENG
pnenBXNT3gEpSstyzyPs,NON WOVEN LINING MICROLINE MORO 1450/1A,FREUDENBERG
q6VMK6PnkYRpZFJr21J2,MESH HF SU 7224 P EPM5 44'' 01F7,HUAFENG
qR0swNjgmT9F45djoLFx,NON WOVEN STROBEL SISN2 1550/1A,FREUDENBERG
qSU1ouwcUjJug1CYUzgv,NON WOVEN FORCETAPE SHP 170BAD 1.0 (TH) 1380/1A,FREUDENBERG
rHNhsob0e18AMxChSYiB,MESH HF SU 7224 P EPM5 A2JM (UNIT METER),HUAFENG
rIuetDeSP2T2zojNjjLI,MESH HF SU 7225 P EPM5 44 076A,HUAFENG
rYd4ycnwOK4eaCaeUKgr,NON WOVEN FORCETAPE SH LB217 WHITE 1380/1A,FREUDENBERG
ra4ZJD7vrY9KvNjQ8I5I,MESH HF SD 14842 P-CDP EM M EPM5 ADAN/AELD,HUAFENG
sAWpWBz39zRI5jCwTrsK,RITEN150K,TEXON INTERNATIONAL (ASIA) LIMITED
sMebWXful04u6plMgMUj,MESH HF SU 7225 P 44 A5NR,HUAFENG
sja1sC8GoT0q7W2baTqL,SD  RED LBL 2.0,TEXON INTERNATIONAL (ASIA) LIMITED
tKyJ1LeosiSB3qWUSDVD,NON WOVEN FORCETAPE SH610R GREY 1380/1A,FREUDENBERG
u1lu2KlqveKtSQfWI22Y,MESH HF DL 1393 P-CDP EM PRIMEBLUE EPM5 AAYC/AAJL,HUAFENG
u4Zdn1QY9mbvv8AShyRQ,MESH HF MA 0315 EPM5 54'' 01F7,HUAFENG
uI0SXexO7OqnskYJZEUj,MESH HF SU 7224 P EPM5 44'' AEDC,HUAFENG
uIUiRNKlXDABg6FneJM0,NON WOVEN LINING MICROLINE KIESEL 1450/1A,FREUDENBERG
umPoFI2LE21F09F0RBdZ,NON WOVEN FORCETAPE SH610AD2 GREY 138CM,FREUDENBERG
vEv3UdMIKWGFBRWA1OhJ,NON WOVEN FORCETAPE SH310NW GREY 1380/1A,FREUDENBERG
vR1WM72iTQJBV1V9Z7mo,MESH HF MA 0315 EPM5 54'' ADAN,HUAFENG
vVSv7bp4OJMHbIJXcUlV,MESH HF MA 0315 EPM5 SHOWTHEWAY 2.0 01F7 (UNIT METER),HUAFENG
vu4CpqmknDc89OlVx56h,NON WOVEN FORCETAPE SH410NW GREY 1380/1A,FREUDENBERG
wjLgCrpWmj2zD5JNmTj4,NON WOVEN LINING MICROLINE BLACK 1450/1A,FREUDENBERG
xBHCKl8UBXw3S1wPFy6U,15ACSI NATURAL 6OZ POLY CANVAS-NATURAL COLOR (TLN8B060) [LU/PK 1433] 54,"TIONG LIONG INDUSTRIAL CO.,LTD."
xTOtefeyjTGwIDv2f7Gd,MESH HF SU 7224 P EPM5 44'' ADW8,HUAFENG
xgGAyC9SAJdhzIPazDdq,MESH HF SU 7225 P EPM5 44 A0QM,HUAFENG
xnY4tuPZQln532wB98AQ,MESH HF MA 0315 EPM5 54'' ADWA,HUAFENG
y3nNlwq4gdCCucaD4LLj,MESH HF SU 7224 P EPM5 44'' AE67,HUAFENG
yH82MxDNBNLnoN36Y3mP,MESH HF SU 7224 P EPM5 44'' ACEP,HUAFENG
ylDdWihPTHxncsmvVmCK,MESH HF SU 7224 P EPM5 44'' AF45,HUAFENG
ypSXP87NuGLCFnHTV4sA,NON WOVEN FORCETAPE SH410NW GREY 1120/1A,FREUDENBERG
zKd1LXMynNpeSUsIWWOb,REFORMN375N,TEXON INTERNATIONAL (ASIA) LIMITED
