0SRwjeYXSTf1M3aP1wcz,HUAFENG - MESH HF DL 1393 CDP-P EM PRIMEBLUE EPM5 A0QM/AA2U
0kTWFpBSZZhJvev0khrm,FREUDENBERG - NON WOVEN FORCETAPE SH610AD GREY 138CM
1PpQRNaKoMzFthIYlSOc,FREUDENBERG - NON WOVEN FORCETAPE SH510NW WHITE 1380/1A
1X5S9PV3THXmRLyNySgA,HUAFENG - MESH HF SU 7224 P EPM5 44'' A5J5
1fvqNpdETzQooTU7qynJ,HUAFENG - MESH HF SU 7224  P 088A
20jQZepUqSI5xVaOJYhL,HUAFENG - MESH HF SU 7224 P EPM5 44'' AESW
22eQUN9u6NyzerDcA46b,FREUDENBERG - NON WOVEN FORCETAPE SH610NW WHITE 1380/1A
2nXxoJmDS720Zo23F45M,FREUDENBERG - NON WOVEN LINING HEELGRIP BLACK 1370/1A
3xbqmUBWXvsk1z0mLzAu,FREUDENBERG - NON WOVEN FORCETAPE SN3R 380 1.3 165CM
4cdT92OqlH2PGNqdsACQ,HUAFENG - MESH HF MA 0315 EPM5 54'' AEDK
5eKObGhzhOtvq12gIV00,HUAFENG - MESH HF SD 16716 P EPM5 A0QM
5iwEhpwTsnactbVRzc4h,HUAFENG - MESH HF SU 7225 P EPM5 44 A5NR
5poIZHFwZ4VZ7kg3mqPJ,FREUDENBERG - NON WOVEN FOR SST 2530A 1000/1A
6k7oLecFtidFKPaL0qZw,HUAFENG - MESH HF SU 7225 P EPM5 44 ADAS
7FnIyFh6DIFr2fPNoZwi,HUAFENG - MESH HF MA 0315 EPM5 54'' A0QM
8giAltObWxPDzd0H1sJv,TEXON INTERNATIONAL (ASIA) LIMITED - XON185
9DwP0nY1IQxt8SwgsVIO,HUAFENG - MESH HF SU 7224 P EPM5 44'' ABZG
9KEF3FQwTTPg7Ah6v8RZ,HUAFENG - MESH HF SU 7224 P EPM5 44'' AECX
ARuOZONWqPsVENd9Tzdr,FREUDENBERG - NON WOVEN LINING HEELGRIP BEIGE 1370/1A
Asiv8paACJgrvuKEWmPg,HUAFENG - MESH HF SU 7224 P EPM5 44'' 005A
BNjfTBJqOzdI6t1oNMiw,HUAFENG - MESH HF SD 13645 P PRIMEBLUE EPM5 A0QM
BtSDOcvIQx2gcRNslI99,TEXON INTERNATIONAL (ASIA) LIMITED - RITEN125N RPET EPM3
CQ6wPJALdoKTCPtp7x8b,HUAFENG - MESH HF SU 7225 P EPM5 44 01F7
DAk4W6CA5oAWWHmEUyRP,TIONG LIONG INDUSTRIAL CO.LTD. - 10ACSI WHITE 6OZ POLY CANVAS-COLORED (TLN8B060) 1TONE TWISTED REC [LU/PK 1562] [EPM] 54
DNBwJk848m4bJMMtKOYA,FREUDENBERG - NON WOVEN FORCETAPE SH610NW GREY 112CM
DRUwzAW2mCxjOWFM2Ntc,FREUDENBERG - NON WOVEN FORCTEAPE SHP-170B 1.0MM 1380/1A
DXXikeb1E1rk0cFXb5xF,HUAFENG - MESH HF MA 0315 EPM5 54'' AA35 (RETUR)
E2JONNAze42k0ZjV7K3K,HUAFENG - MESH HF SU 7224 P EPM5 44'' ADAT
Ep7FtQLDR8ycQorfOtZ5,HUAFENG - MESH HF SU 7224 P EPM5 44'' A0QM
FoBH2Fwlw0Oir6upK1C1,FREUDENBERG - NON WOVEN LINING MICROLINE BLUE 1450/1A
Ft23QHWA9m0V9jUkm0KQ,FREUDENBERG - NON WOVEN SR SERIES SR 310 BRN (TR) 1380/1A
GBmSkbIXqNOW50hlk3n6,HUAFENG - MESH HF SU 7224 P EPM5 44'' ABZU
GCMKewRjEnXdWPUMZgs5,HUAFENG - MESH HF SD 8033 P EPM5 54'' ADAQ
Gspn4VNcN7K6oAUUoFEW,TIONG LIONG INDUSTRIAL CO.LTD. - 10ACSI WHITE 4OZ POLY CANVAS-COLORED TWISTED REC (TLN8B059) [LU/PK 1603] [EPM] 54
HfZKey0yU57lz5vOKgFX,FREUDENBERG - NON WOVEN LINING MICROLINER BLUE 1470/1A MICROFASER
IXOGf3f2x2cdrnJPLtxI,FREUDENBERG - NON WOVEN FORCETAPE SH350W 1380/1A
IZ23gxm0DQYgeWswKtOR,HUAFENG - MESH HF MA 0315 EPM5 54'' AA35
JO2kx46AIRmvapAoKtG0,HUAFENG - MESH HF MY 00250 CDP EPM5 AA35
JR2RdFxCoq2zuCuUKVml,HUAFENG - MESH HF SD 8033 P EPM5 54'' AA2V
JePWA8A5T3qZZsRyXQTf,HUAFENG - MESH HF SU 7224 P EPM5 44'' ADAN
KU23EiBtf5QgsB2VPSdH,HUAFENG - MESH HF SD 8033 P EPM5 54'' AE6A
Kij2PPJ52FV0A0u9j3SE,HUAFENG - MESH HF SU 7224 P EPM5 AEJY (UNIT METER) 
KpY2KLgFhQ9sWMpoiHpG,HUAFENG - MESH HF SU 7224 P EPM5 A0QM (UNIT METER) 
KqBb41Nq1UkLfHC2B8aJ,HUAFENG - MESH HF SD 10886 P EPM5 AA2S
LB7qE5HkOiyJOq7k4R9j,TEXON INTERNATIONAL (ASIA) LIMITED - RITEN180N
LBFrf3khEuNqOZdeVaNT,HUAFENG - MESH HF SD 8033 P EPM5 54'' AECU
LWYhfq6bimtFNUGG0QQ9,FREUDENBERG - NON WOVEN FORCTAPE SH410RAD GREY 1380/1A
MdvRsQ8xk1Gx0HeewEMJ,HUAFENG - MESH HF SU 7224 P EPM5 44'' AENM
NJYbwowVMhz1J7UGFlDX,HUAFENG - MESH HF SU 07788 P EPM5 54'' AECU
Nds2cwDznXqhjytl8Ccn,HUAFENG - MESH HF MA 0315 EPM5 54'' A0QM (RETUR)
Niv3zbE4HEF4fAALCJYk,TIONG LIONG INDUSTRIAL CO.LTD. - 00ACSI BLACK 6 OZ CANVAS 54 COLORED(TLMAB001-COLORED)
NkIfestTpo1WQPsmUSVO,HUAFENG - MESH HF SU 7224 P EPM5 44'' AEJU
OFeznzt80ulJsbPF9Tgt,HUAFENG - MESH HF SU 7224 P EPM5 44'' A8L5
P47580sbqb7Mqw41xNwL,FREUDENBERG - NON WOVEN LINING HEELGRIP KIESEL 1370/1A
Q7eiLBZDqOduNhEPOMG5,HUAFENG - MESH HF SU 7224 P EPM5 44'' A2JM
QexjtinTMTLaU51DSdiC,HUAFENG - MESH HF SD 8033 P EPM5 54'' ADAR
Qj8xQb8CP0kfdMASjiHF,HUAFENG - MESH HF MA 0315 EPM5 54'' 01F7 (RETUR)
Qr4zzmm51NFiGesQDKG6,TIONG LIONG INDUSTRIAL CO.LTD. - 10ACSI WHITE 6 OZ CANVAS 54 COLORED(TLMAB001-COLORED)
RAULCr95Tcxzsuo4suqy,HUAFENG - MESH HF SU 7225 P EPM5 44 AF43
S8bmO39jjJWrIJeENJip,FREUDENBERG - NON WOVEN FORCETAPE SHP170WAD 1.0 (TH) 1380/1A
S9vhgW5Chu6gLVtUjEhY,TEXON INTERNATIONAL (ASIA) LIMITED - ASTRACT 0.80
SMhFLbviA2LyzjyjuFG7,HUAFENG - MESH HF SU 7224 P EPM5 44'' AA2R
SYGYJhMbFKQsq0uHmcZP,HUAFENG - MESH HF SDJ 13679 P EM EPM5 AEK3
ScGsldaxfUjAwFvWq6xm,FREUDENBERG - NON WOVEN SR SERIES SR 310 BRN (TD) 1380/1A
SkyatBBommaEhptrtjwu,HUAFENG - MESH HF SD 16716 P EPM5 01F7
TEIkTmkZB1P72ftT7shT,TEXON INTERNATIONAL (ASIA) LIMITED - RITEN100N RPET EPM3
UUqixKZmYU2BOQpuXCqS,HUAFENG - MESH HF SD 10886 P EPM5 HALO Silver ADW8
UZ9HdtP9gUgdPlhM7lzu,HUAFENG - MESH HF SU 07788 P EPM5 54'' A0QM
UuOsehcT4MvSOgSceMX6,FREUDENBERG - NON WOVEN SH610NW WHITE 1120/1A
UvOkxAMh8RyBq9Hg7Ozg,HUAFENG - MESH HF SD 4126 CDP FLEXING MESH PARLEY EPM3 AEK3
UwGfUo6uxmIpiE7hthAB,FREUDENBERG - NON WOVEN FORCETAPE SH410NW BLACK 1380/1A
VQLjwmD6yBlvjrNCteOX,HUAFENG - MESH HF SD 8033 P EPM5 54'' ADW8
WS6WvUz1SkIpRninvHZm,HUAFENG - MESH HF SU 7225 P EPM5 44 AA2V
WlxCvO6g0cYhJaOQ6xeR,FREUDENBERG - NON WOVEN LINING MICROLINER SAND 1470/1A MICROFASER
X0mGpy5ZTzZCvbwWTrFn,FREUDENBERG - NON WOVEN MICROLINE OFFWHITE 1450/1A
X9jLLO60QwzNlHWiud7x,FREUDENBERG - NON WOVEN FORCETAPE SH610NW GREY 1380/1A
XMluqUIE14YWvDdphctW,FREUDENBERG - NON WOVEN STROBEL SIX_CK 1.5MM 1380/1A
YYJTMG244CSopLOzqyX6,TIONG LIONG INDUSTRIAL CO.LTD. - 00ACSI BLACK 8OZ CANVAS 56 COLORED(TLW6010-COLORED)
Z9Dw4w06CdY7dZbjoMFZ,TIONG LIONG INDUSTRIAL CO.LTD. - 10ACSI WHITE 8OZ CANVAS 56 COLORED(TLW6010-COLORED)
ZEQlqO7o5nHvmM5S9oLM,FREUDENBERG - NON WOVEN LINING MICROLINE BEIGE 1450/1A
Zsj9r5bFJzOzz3sTqIds,FREUDENBERG - NON WOVEN LINING MICROLINER KIESEL 1470/1A MICROFASER
aVASfTzdfu189E6SuyD5,TEXON INTERNATIONAL (ASIA) LIMITED - RITEN100N
akyyOCfC3gJNNjyOhh0t,FREUDENBERG - NON WOVEN FORCETAPE SHP-170W 1.00MM 1380/1A
asbOPul6o8M0b8EUmCub,TEXON INTERNATIONAL (ASIA) LIMITED - RITEN150N
auvstZx52WA4Gp0I83eE,FREUDENBERG - NON WOVEN MICROLINE SAND 1450/1A
bFWC25gL0rDj0cJ5S7Ee,FREUDENBERG - NON WOVEN SR SERIES SR 310 BLK (TR) 1380/1A
c2WefgyFHgZVYKQCr5vl,HUAFENG - MESH HF SU 7224 P EPM5 44'' AEJT
cJv38OnRq0dRB6nD8Aw4,HUAFENG - MESH HF SU 7225 P EPM5 44 ABZU
d5hbcw3ocpnVZKGkEj7v,HUAFENG - MESH HF C KNIT 1393 CDP-P EM PARLEY EPM5 A0QM/ABZU
dh0EGJLPEcXf3v8z8pvy,FREUDENBERG - NON WOVEN FORCETAPE SH710AD GREY 1380/1A
di4DDVKOiSvAyrcx0do8,FREUDENBERG - NON WOVEN FORCETAPE SH350G 1380/1A
diWTQ8njdyIW1a6B8m49,FREUDENBERG - NON WOVEN FORCETAPE SHP 170WAD 0.6 (TH) 1380/1A
eb4egRlteXHZ1urqJ2oW,HUAFENG - MESH HF SD 8033 P EPM5 54'' AELC
exlvueSI9O29SNeQH7AM,FREUDENBERG - NON WOVEN FORCETAPE SH410NW WHITE 1380/1A
f5aO7kAa9w3QfyrxQ0K7,FREUDENBERG - NON WOVEN FORCETAPE SH610R WHITE 1380/1A
gUF1DoSc5FdGgXPpCVHm,FREUDENBERG - NON WOVEN FORCETAPE SH410AD GREY 138CM
gdsM6QC9sOy4YPaCF1ft,HUAFENG - MESH HF SD 14842 CDP-P EM M EPM5 A0QM/AEK9
hRjiXKlMSrGXGLsg7etl,HUAFENG - MESH HF MA 2918 EPM5 AA2R
k5Dvum1WJcsXCouHUDt8,TEXON INTERNATIONAL (ASIA) LIMITED - RITEN125N
kPo1BRp0VAlhFXIjnZc8,HUAFENG - MESH HF SD 8033 P EPM5 54'' AA35
lEMJI3U9K6Rxm4pvqmlR,FREUDENBERG - NON WOVEN FORCETAPE SHP 170B AD 0.6MM 1380/1A
lYccVb4hTBoTdbUXmMBO,FREUDENBERG - NON WOVEN STROBEL SI180E 1120/1A
lz3iaEbfXJ3X5s1dZ7ex,HUAFENG - MESH HF MA 0315 EPM5 54'' AA2T
mEwPrQf9rr02p0JUV9fh,TEXON INTERNATIONAL (ASIA) LIMITED - RITE N150N RPET EPM3
odLdAEFVWhoHwQLPP1wx,HUAFENG - MESH HF SU 7225 P EPM5 44 077A
ow1caARcGZrM6E7VqICF,HUAFENG - MESH HF SD 10886 P EPM5 LEGEND INK F17 AA35
pEnyhMfAp2zncGZEDNx4,HUAFENG - MESH HF SU 07788 P 54'' A2JM
paidOB7nOOMEtboGuYm3,HUAFENG - MESH HF SD 8033 P EPM5 54'' ADYY
pnenBXNT3gEpSstyzyPs,FREUDENBERG - NON WOVEN LINING MICROLINE MORO 1450/1A
q6VMK6PnkYRpZFJr21J2,HUAFENG - MESH HF SU 7224 P EPM5 44'' 01F7
qR0swNjgmT9F45djoLFx,FREUDENBERG - NON WOVEN STROBEL SISN2 1550/1A
qSU1ouwcUjJug1CYUzgv,FREUDENBERG - NON WOVEN FORCETAPE SHP 170BAD 1.0 (TH) 1380/1A
rHNhsob0e18AMxChSYiB,HUAFENG - MESH HF SU 7224 P EPM5 A2JM (UNIT METER)
rIuetDeSP2T2zojNjjLI,HUAFENG - MESH HF SU 7225 P EPM5 44 076A
rYd4ycnwOK4eaCaeUKgr,FREUDENBERG - NON WOVEN FORCETAPE SH LB217 WHITE 1380/1A
ra4ZJD7vrY9KvNjQ8I5I,HUAFENG - MESH HF SD 14842 P-CDP EM M EPM5 ADAN/AELD
sAWpWBz39zRI5jCwTrsK,TEXON INTERNATIONAL (ASIA) LIMITED - RITEN150K
sMebWXful04u6plMgMUj,HUAFENG - MESH HF SU 7225 P 44 A5NR
sja1sC8GoT0q7W2baTqL,TEXON INTERNATIONAL (ASIA) LIMITED - SD  RED LBL 2.0
tKyJ1LeosiSB3qWUSDVD,FREUDENBERG - NON WOVEN FORCETAPE SH610R GREY 1380/1A
u1lu2KlqveKtSQfWI22Y,HUAFENG - MESH HF DL 1393 P-CDP EM PRIMEBLUE EPM5 AAYC/AAJL
u4Zdn1QY9mbvv8AShyRQ,HUAFENG - MESH HF MA 0315 EPM5 54'' 01F7
uI0SXexO7OqnskYJZEUj,HUAFENG - MESH HF SU 7224 P EPM5 44'' AEDC
uIUiRNKlXDABg6FneJM0,FREUDENBERG - NON WOVEN LINING MICROLINE KIESEL 1450/1A
umPoFI2LE21F09F0RBdZ,FREUDENBERG - NON WOVEN FORCETAPE SH610AD2 GREY 138CM
vEv3UdMIKWGFBRWA1OhJ,FREUDENBERG - NON WOVEN FORCETAPE SH310NW GREY 1380/1A
vR1WM72iTQJBV1V9Z7mo,HUAFENG - MESH HF MA 0315 EPM5 54'' ADAN
vVSv7bp4OJMHbIJXcUlV,HUAFENG - MESH HF MA 0315 EPM5 SHOWTHEWAY 2.0 01F7 (UNIT METER)
vu4CpqmknDc89OlVx56h,FREUDENBERG - NON WOVEN FORCETAPE SH410NW GREY 1380/1A
wjLgCrpWmj2zD5JNmTj4,FREUDENBERG - NON WOVEN LINING MICROLINE BLACK 1450/1A
xBHCKl8UBXw3S1wPFy6U,TIONG LIONG INDUSTRIAL CO.LTD. - 15ACSI NATURAL 6OZ POLY CANVAS-NATURAL COLOR (TLN8B060) [LU/PK 1433] 54
xTOtefeyjTGwIDv2f7Gd,HUAFENG - MESH HF SU 7224 P EPM5 44'' ADW8
xgGAyC9SAJdhzIPazDdq,HUAFENG - MESH HF SU 7225 P EPM5 44 A0QM
xnY4tuPZQln532wB98AQ,HUAFENG - MESH HF MA 0315 EPM5 54'' ADWA
y3nNlwq4gdCCucaD4LLj,HUAFENG - MESH HF SU 7224 P EPM5 44'' AE67
yH82MxDNBNLnoN36Y3mP,HUAFENG - MESH HF SU 7224 P EPM5 44'' ACEP
ylDdWihPTHxncsmvVmCK,HUAFENG - MESH HF SU 7224 P EPM5 44'' AF45
ypSXP87NuGLCFnHTV4sA,FREUDENBERG - NON WOVEN FORCETAPE SH410NW GREY 1120/1A
zKd1LXMynNpeSUsIWWOb,TEXON INTERNATIONAL (ASIA) LIMITED - REFORMN375N
